{"fast-food":{"audio":{"position":["1"],"layout":[null],"background":[null]},"contact":{"position":["5"],"layout":[null],"background":[null]},"cupcake":{"position":["3"],"layout":[null],"background":[null]},"online-order":{"position":["4"],"layout":[null],"background":[null]},"service":{"position":["2"],"layout":[null],"background":[null]}},"today-food":{"audio":{"position":["1"],"layout":[null],"background":[null]},"contact":{"position":["5"],"layout":[null],"background":[null]},"cupcake":{"position":["3"],"layout":[null],"background":[null]},"online-order":{"position":["4"],"layout":[null],"background":[null]},"service":{"position":["2"],"layout":[null],"background":[null]}},"special-food":{"audio":{"position":["1"],"layout":[null],"background":[null]},"contact":{"position":["5"],"layout":[null],"background":[null]},"cupcake":{"position":["3"],"layout":[null],"background":[null]},"online-order":{"position":["4"],"layout":[null],"background":[null]},"service":{"position":["2"],"layout":[null],"background":[null]}},"dessert":{"audio":{"position":["1"],"layout":[null],"background":[null]},"contact":{"position":["5"],"layout":[null],"background":[null]},"cupcake":{"position":["3"],"layout":[null],"background":[null]},"online-order":{"position":["4"],"layout":[null],"background":[null]},"service":{"position":["2"],"layout":[null],"background":[null]}}}