[{"name":"Fast Food","slug":"fast-food","show_in_menu":false,"type":"select","sort":"customorder","description":""},{"name":"Today Food","slug":"today-food","show_in_menu":false,"type":"select","sort":null,"layout":"","background":"","description":""},{"name":"Special Food","slug":"special-food","show_in_menu":false,"type":"select","sort":null,"layout":"","background":"","description":""},{"name":"Dessert","slug":"dessert","show_in_menu":false,"type":"select","sort":null,"layout":"","background":"","description":""}]