{"time_start":"08:00","time_stop":"16:00","day_off":["Saturday","Sunday"],"event-index":"","event-name":"","event-start-date":"2012-04-05","event-end-date":"2012-04-19","date_holiday":"[{\\\"id\\\":1,\\\"name\\\":\\\"\\\",\\\"startDate\\\":\\\"2018-02-05T17:00:00.000Z\\\",\\\"endDate\\\":\\\"2018-02-05T17:00:00.000Z\\\",\\\"color\\\":\\\"#2C8FC9\\\"},{\\\"id\\\":2,\\\"name\\\":\\\"\\\",\\\"startDate\\\":\\\"2018-03-15T17:00:00.000Z\\\",\\\"endDate\\\":\\\"2018-03-15T17:00:00.000Z\\\",\\\"color\\\":\\\"#9CB703\\\"},{\\\"id\\\":3,\\\"name\\\":\\\"\\\",\\\"startDate\\\":\\\"2018-04-25T17:00:00.000Z\\\",\\\"endDate\\\":\\\"2018-04-25T17:00:00.000Z\\\",\\\"color\\\":\\\"#F5BB00\\\"},{\\\"id\\\":4,\\\"name\\\":\\\"\\\",\\\"startDate\\\":\\\"2018-06-30T17:00:00.000Z\\\",\\\"endDate\\\":\\\"2018-07-30T17:00:00.000Z\\\",\\\"color\\\":\\\"#FF4A32\\\"},{\\\"id\\\":5,\\\"name\\\":\\\"Lynden Park Mall\\\",\\\"startDate\\\":\\\"2018-07-31T17:00:00.000Z\\\",\\\"endDate\\\":\\\"2018-07-31T17:00:00.000Z\\\",\\\"color\\\":\\\"#B56CE2\\\"},{\\\"id\\\":6,\\\"name\\\":\\\"Lynden Park Mall\\\",\\\"startDate\\\":\\\"2018-08-01T17:00:00.000Z\\\",\\\"endDate\\\":\\\"2018-08-01T17:00:00.000Z\\\",\\\"color\\\":\\\"#45A597\\\"},{\\\"id\\\":7,\\\"name\\\":\\\"Lynden Park Mall\\\",\\\"startDate\\\":\\\"2018-08-02T17:00:00.000Z\\\",\\\"endDate\\\":\\\"2018-08-02T17:00:00.000Z\\\",\\\"color\\\":\\\"#2C8FC9\\\"},{\\\"id\\\":8,\\\"name\\\":\\\"\\\",\\\"startDate\\\":\\\"2018-02-08T17:00:00.000Z\\\",\\\"endDate\\\":\\\"2018-03-14T17:00:00.000Z\\\",\\\"color\\\":\\\"#9CB703\\\"}]","admin_email":"markacthana@gmail.com","subject_booked_email_admin":"Mail to Admin","booked_email_admin":"<strong>Hi, admin<\/strong>\r\n<p style=\\\"text-align: left;\\\">Have just got a reservation, please check to approve this reservation!<\/p>\r\n<p style=\\\"text-align: left;\\\">Reservation\\'s information:<\/p>\r\n<p style=\\\"text-align: left;\\\">Name: [[name]]<\/p>\r\n<p style=\\\"text-align: left;\\\">Email: [[email]]<\/p>\r\n<p style=\\\"text-align: left;\\\">Date: [[date]]<\/p>\r\n<p style=\\\"text-align: left;\\\">Time: [[time]]<\/p>\r\n<p style=\\\"text-align: left;\\\">Number of people: [[partysize]]<\/p>\r\n<p style=\\\"text-align: left;\\\">Regards<\/p>\r\n<strong>La Boom - Food &amp; Restaurant Bistro WordPress Theme<\/strong>","enable_booked_email_admin":"yes","subject_booked_email_customer":"Mail to Customer","booked_email_customer":"<strong>Hi, [[name]]<\/strong>\r\n<p style=\\\"text-align: left;\\\">Thank you for your reservation<\/p>\r\n<p style=\\\"text-align: left;\\\">Your reservation\\'s information:<\/p>\r\n<p style=\\\"text-align: left;\\\">Date: [[date]]<\/p>\r\n<p style=\\\"text-align: left;\\\">Time: [[time]]<\/p>\r\n<p style=\\\"text-align: left;\\\">Number of people: [[partysize]]<\/p>\r\n<p style=\\\"text-align: left;\\\">Please wait for us to approve!<\/p>\r\n&nbsp;\r\n<p style=\\\"text-align: left;\\\">Regards<\/p>\r\n<strong>La Boom - Food &amp; Restaurant Bistro WordPress Theme<\/strong>","enable_booked_email_customer":"yes","subject_approved_email_customer":"MAil to Customer after approved","approved_email_customer":"<strong>Hi, [[name]]<\/strong>\r\n<p style=\\\"text-align: left;\\\">Thank you for your reservation<\/p>\r\n<p style=\\\"text-align: left;\\\">Your reservation was approved!<\/p>\r\n<p style=\\\"text-align: left;\\\">Your reservation\\'s information:<\/p>\r\n<p style=\\\"text-align: left;\\\">Date: [[date]]<\/p>\r\n<p style=\\\"text-align: left;\\\">Time: [[time]]<\/p>\r\n<p style=\\\"text-align: left;\\\">Number of people: [[partysize]]<\/p>\r\n&nbsp;\r\n<p style=\\\"text-align: left;\\\">Regards<\/p>\r\n<strong>La Boom - Food &amp; Restaurant Bistro WordPress Theme<\/strong>","enable_approved_email_customer":"yes","email_use_wp_mail_default_checkbox":"no","email_config_issmtp":"yes","email_config_issmtp_checkbox":"yes","email_config_smtpauth":"yes","email_config_smtpauth_checkbox":"yes","email_config_host":"smtp.gmail.com","email_config_port":"587","email_config_email":"vhieu.anime@gmail.com","email_config_password":"iyimxolbvdfoytyz","email_config_smtpsecure":"SSL","email_config_from":"vhieu.anime@gmail.com","email_config_name":"","notice_fs_name_empty":"","notice_fs_name_incorrect":"","notice_fs_email_empty":"","notice_fs_email_incorrect":"","notice_fs_phone_empty":"","notice_fs_phone_incorrect":"","notice_fs_date_empty":"","notice_fs_date_incorrect":"","notice_fs_dayoff":"","notice_fs_timeout":"","notice_fs_holiday":"","notice_fs_time_empty":"","notice_fs_time_expired":"","editor-fields-data":"[{\\\"label\\\":{\\\"value\\\":\\\"Hour\\\"},\\\"id\\\":{\\\"value\\\":\\\"fs_time\\\",\\\"readonly\\\":\\\"yes\\\"},\\\"type\\\":{\\\"value\\\":\\\"time\\\",\\\"readonly\\\":\\\"yes\\\"},\\\"enable\\\":{\\\"value\\\":\\\"yes\\\",\\\"readonly\\\":\\\"yes\\\"}},{\\\"label\\\":{\\\"value\\\":\\\"Number of people\\\"},\\\"id\\\":{\\\"value\\\":\\\"fs_partysize\\\",\\\"readonly\\\":\\\"yes\\\"},\\\"type\\\":{\\\"value\\\":\\\"number\\\",\\\"readonly\\\":\\\"yes\\\"},\\\"enable\\\":{\\\"value\\\":\\\"yes\\\",\\\"readonly\\\":\\\"yes\\\"}},{\\\"label\\\":{\\\"value\\\":\\\"Pick a Date\\\"},\\\"id\\\":{\\\"value\\\":\\\"fs_date\\\",\\\"readonly\\\":\\\"yes\\\"},\\\"type\\\":{\\\"value\\\":\\\"date\\\",\\\"readonly\\\":\\\"yes\\\"},\\\"enable\\\":{\\\"value\\\":\\\"yes\\\",\\\"readonly\\\":\\\"yes\\\"}},{\\\"label\\\":{\\\"value\\\":\\\"Phone number\\\"},\\\"id\\\":{\\\"value\\\":\\\"fs_phone\\\",\\\"readonly\\\":\\\"yes\\\"},\\\"type\\\":{\\\"value\\\":\\\"text\\\",\\\"readonly\\\":\\\"yes\\\"},\\\"enable\\\":{\\\"value\\\":\\\"yes\\\",\\\"readonly\\\":\\\"yes\\\"}},{\\\"label\\\":{\\\"value\\\":\\\"Full name\\\"},\\\"id\\\":{\\\"value\\\":\\\"fs_name\\\",\\\"readonly\\\":\\\"yes\\\"},\\\"type\\\":{\\\"value\\\":\\\"text\\\",\\\"readonly\\\":\\\"yes\\\"},\\\"enable\\\":{\\\"value\\\":\\\"yes\\\",\\\"readonly\\\":\\\"yes\\\"}},{\\\"label\\\":{\\\"value\\\":\\\"Email address\\\"},\\\"id\\\":{\\\"value\\\":\\\"fs_email\\\",\\\"readonly\\\":\\\"yes\\\"},\\\"type\\\":{\\\"value\\\":\\\"email\\\",\\\"readonly\\\":\\\"yes\\\"},\\\"enable\\\":{\\\"value\\\":\\\"yes\\\",\\\"readonly\\\":\\\"yes\\\"}},{\\\"label\\\":{\\\"value\\\":\\\"Message to Admin\\\"},\\\"id\\\":{\\\"value\\\":\\\"fs_message\\\"},\\\"type\\\":{\\\"value\\\":\\\"textarea\\\"},\\\"enable\\\":{\\\"value\\\":\\\"yes\\\"}},{\\\"label\\\":{\\\"value\\\":\\\"sdfsdfds \\\"},\\\"id\\\":{\\\"value\\\":\\\"ertert\\\"},\\\"type\\\":{\\\"value\\\":\\\"date\\\"},\\\"enable\\\":{\\\"value\\\":\\\"no\\\"}},{\\\"label\\\":{\\\"value\\\":\\\"XYZK 1\\\"},\\\"id\\\":{\\\"value\\\":\\\"xyz\\\"},\\\"type\\\":{\\\"value\\\":\\\"email\\\"},\\\"enable\\\":{\\\"value\\\":\\\"no\\\"}},{\\\"label\\\":{\\\"value\\\":\\\"FU\\\"},\\\"id\\\":{\\\"value\\\":\\\"nothing\\\"},\\\"type\\\":{\\\"value\\\":\\\"time\\\"},\\\"enable\\\":{\\\"value\\\":\\\"no\\\"}}]","editor-ui-fields-data":"[{\\\"id\\\":{\\\"value\\\":\\\"ui_title\\\",\\\"readonly\\\":\\\"yes\\\"},\\\"content\\\":{\\\"value\\\":\\\"Reservation\\\"},\\\"type\\\":{\\\"value\\\":\\\"title\\\",\\\"readonly\\\":\\\"yes\\\"}},{\\\"id\\\":{\\\"value\\\":\\\"ui_submit\\\",\\\"readonly\\\":\\\"yes\\\"},\\\"content\\\":{\\\"value\\\":\\\"BOOK A TABLE\\\"},\\\"type\\\":{\\\"value\\\":\\\"submit\\\",\\\"readonly\\\":\\\"yes\\\"}},{\\\"id\\\":{\\\"value\\\":\\\"ui_error_notice\\\",\\\"readonly\\\":\\\"yes\\\"},\\\"content\\\":{\\\"value\\\":\\\"Empty Content Type\\\",\\\"readonly\\\":\\\"yes\\\"},\\\"type\\\":{\\\"value\\\":\\\"error_notice\\\",\\\"readonly\\\":\\\"yes\\\"}},{\\\"id\\\":{\\\"value\\\":\\\"ui_more_reservation\\\",\\\"readonly\\\":\\\"yes\\\"},\\\"content\\\":{\\\"value\\\":\\\"Book More\\\"},\\\"type\\\":{\\\"value\\\":\\\"more_reservation\\\",\\\"readonly\\\":\\\"yes\\\"}},{\\\"id\\\":{\\\"value\\\":\\\"ui_reservation_data\\\",\\\"readonly\\\":\\\"yes\\\"},\\\"content\\\":{\\\"value\\\":\\\"Edit in Special fields\\\",\\\"readonly\\\":\\\"yes\\\"},\\\"type\\\":{\\\"value\\\":\\\"reservation_data\\\",\\\"readonly\\\":\\\"yes\\\"}},{\\\"id\\\":{\\\"value\\\":\\\"ui_test_text\\\"},\\\"content\\\":{\\\"value\\\":\\\"Any text\\\"},\\\"type\\\":{\\\"value\\\":\\\"text\\\"}}]","success_tab":"Thank you for your reservation\r\n\r\n-- [[fs_email]] -- show\u00a0\u00a0fs_email\r\n\r\n-- [[fs_time]] -- show\u00a0\u00a0fs_time\r\n\r\n-- [[fs_partysize]] -- show\u00a0\u00a0fs_partysize\r\n\r\n-- [[fs_date]] -- show\u00a0\u00a0fs_date\r\n\r\n-- [[fs_phone]] -- show\u00a0\u00a0fs_phone\r\n\r\n-- [[fs_name]] -- show\u00a0\u00a0fs_name\r\n\r\n<strong>La Boom - Food &amp; Restaurant Bistro WordPress Theme<\/strong>","form-template-editor-data":"[[\\\"ui_title\\\"],[\\\"ui_error_notice\\\"],[\\\"fs_time\\\",\\\"fs_partysize\\\"],[\\\"fs_date\\\",\\\"fs_phone\\\"],[\\\"fs_name\\\"],[\\\"fs_email\\\"],[\\\"ui_submit\\\"]]","success-template-editor-data":"[[\\\"ui_title\\\"],[\\\"ui_reservation_data\\\"],[\\\"ui_more_reservation\\\"]]","frv-setting-page":""}