{"last_tab":"1","general_layout":"1","body_fullwidth_background":{"background-color":""},"general_background":{"background-color":"","background-repeat":"","background-size":"","background-attachment":"","background-position":"","background-image":"","media":{"id":"","height":"","width":"","thumbnail":""}},"general_content_background":{"background-color":"","background-repeat":"","background-size":"","background-attachment":"","background-position":"","background-image":"","media":{"id":"","height":"","width":"","thumbnail":""}},"general_back_to_top":"1","general_page_loading":"0","header_layout":"header4","logo_type":"1","main_logo":{"url":"http:\/\/dev.joomexp.com\/wordpress\/laboom\/wp-content\/themes\/laboom\/assets\/images\/logo.png","id":"","height":"","width":"","thumbnail":"","title":"","caption":"","alt":"","description":""},"our_hours":"Mon-Fri: 9-23; Sat: 9-20; Sun: Off","our_phone":"(503) 228 4329","our_address":"135 E Houston Street, New York, US","enable_search1":"","enable_cart1":"1","logo_max_height":{"height":"","units":"px"},"trans_logo":{"url":"http:\/\/dev.joomexp.com\/wordpress\/laboom\/wp-content\/themes\/laboom\/assets\/images\/logo-trans.png","id":"","height":"","width":"","thumbnail":"","title":"","caption":"","alt":"","description":""},"trans_logo_height":{"height":"","units":"px"},"logo_text":"","logo_text_sologan":"","header_background_color":{"color":"","alpha":"1","rgba":""},"header_background_image":{"background-repeat":"","background-size":"","background-attachment":"","background-position":"","background-image":"","media":{"id":"","height":"","width":"","thumbnail":""}},"header_trans_text_color":"","header_trans_link_color":{"regular":"","hover":"#e4b95b"},"header_text_color":"","header_link_color":{"regular":"","hover":"#e4b95b"},"font_main_menu":{"font-family":"","font-options":"","google":"1","font-backup":"","font-weight":"","font-style":"","subsets":"","font-size":""},"enable_search":"1","enable_cart":"1","enable_book_table":"1","margin_top_mainmenu":{"margin-top":"","units":"px"},"mega_menu":"0","enable_header_top":"1","header_top_background":{"background-color":""},"header_top_color":{"color":"","alpha":"1","rgba":""},"header_top_link_color":{"regular":"","hover":""},"top_phone":"123-456-7890","top_email":"support@laboom.com","slogen_welcome":"Welcome to our website, check our services and gain success!","enable_social_header_top":"1","cms_header_top_social":{"enabled":{"placebo":"placebo","facebook":"Facebook","twitter":"Twitter","instagram":"Instagram","google":"Google","dribbble":"Dribbble","printest":"Printest"},"disabled":{"placebo":"placebo"}},"menu_sticky":"1","sticky_logo_type":"default","sticky_logo":{"url":"","id":"","height":"","width":"","thumbnail":"","title":"","caption":"","alt":"","description":""},"logo-height-sticky":{"height":"","units":"px"},"sticky_margin_top_mainmenu":{"margin-top":"","units":"px"},"sticky_logo_text":"","sticky_logo_text_sologan":"","sticky_background_color":{"color":"","alpha":"","rgba":""},"sticky_text_color":"#ffffff","sticky_link_color":{"regular":"#fff","hover":"#e4b95b"},"sticky_tablet":"","sticky_mobile":"","page_padding":{"padding-top":"","padding-bottom":"","units":"px"},"page_title_layout":"1","bg_page_title":{"url":"http:\/\/dev.joomexp.com\/wordpress\/laboom\/wp-content\/themes\/laboom\/assets\/images\/page-title.jpg","id":"","height":"","width":"","thumbnail":"","title":"","caption":"","alt":"","description":""},"page_title_padding":{"padding-top":"","padding-bottom":"","units":"px"},"enable_breadcrumb":"","breacrumb_home_prefix":"Home","shop_enable_breadcrumb":"","background_woo_all":{"background-color":"","background-image":"","media":{"id":"","height":"","width":"","thumbnail":""}},"background_shop_title":{"url":"","id":"","height":"","width":"","thumbnail":"","title":"","caption":"","alt":"","description":""},"shop_layout":"fullwidth","product_per_page":"12","shop_column":"3column","term-chose-page":"865","page404_background":{"background-color":"","background-attachment":"","background-image":"http:\/\/dev.joomexp.com\/wordpress\/laboom\/wp-content\/themes\/laboom\/assets\/images\/page404.jpg","media":{"id":"","height":"","width":"","thumbnail":""}},"archive_layout":"right","archive_background":{"background-color":""},"archive_author":"1","archive_categories":"","archive_tag":"","archive_comment":"1","archive_date":"1","archive_grid_categories":"1","archive_grid_date":"1","single_layout":"right","single_author":"1","single_categories":"","single_tag":"","single_comment":"1","single_date":"1","_admin_fb":"http:\/\/facebook.com\/","_admin_tw":"https:\/\/twitter.com\/","_admin_google":"https:\/\/plus.google.com\/","btn_background":{"background-color":""},"btn_color":{"color":"","alpha":"1","rgba":""},"btn_border_color":{"color":"","alpha":"1","rgba":""},"btn_background_hover":{"background-color":"#20202f"},"btn_color_hover":{"color":"#fff","alpha":"1","rgba":"rgba(255,255,255,1)"},"btn_border_color_hover":{"color":"#20202f","alpha":"1","rgba":"rgba(32,32,47,1)"},"primary_color":"#e4b95b","secondary_color":"#20202f","third_color":"#f4f2ed","fourth_color":"#383848","link_color":{"regular":"#e4b95b","hover":"#20202f"},"font_body":{"font-family":"Source Sans Pro","font-options":"","google":"1","font-backup":"","font-weight":"400","font-style":"","subsets":"","font-size":"15px","line-height":"24px","color":"#959393"},"font_h1":{"font-family":"Quicksand","font-options":"","google":"1","font-backup":"","font-weight":"500","font-style":"","subsets":"","font-size":"45px","line-height":"60px","color":"#102035"},"margin_h1":{"margin-bottom":"15px","units":"px"},"font_h2":{"font-family":"Quicksand","font-options":"","google":"1","font-backup":"","font-weight":"500","font-style":"","subsets":"","font-size":"40px","line-height":"50px","color":"#102035"},"margin_h2":{"margin-bottom":"15px","units":"px"},"font_h3":{"font-family":"Quicksand","font-options":"","google":"1","font-backup":"","font-weight":"500","font-style":"","subsets":"","font-size":"26px","line-height":"35px","color":"#383848"},"margin_h3":{"margin-bottom":"15px","units":"px"},"font_h4":{"font-family":"Quicksand","font-options":"","google":"1","font-backup":"","font-weight":"500","font-style":"","subsets":"","font-size":"20px","line-height":"35px","color":"#102035"},"margin_h4":{"margin-bottom":"15px","units":"px"},"font_h5":{"font-family":"Quicksand","font-options":"","google":"1","font-backup":"","font-weight":"500","font-style":"","subsets":"","font-size":"20px","line-height":"30px","color":"#102035"},"margin_h5":{"margin-bottom":"15px","units":"px"},"font_h6":{"font-family":"Quicksand","font-options":"","google":"1","font-backup":"","font-weight":"500","font-style":"","subsets":"","font-size":"18px","line-height":"36px","color":"#102035"},"margin_h6":{"margin-bottom":"15px","units":"px"},"google-font-1":{"font-family":"","font-options":"","google":"1","font-backup":"","font-weight":"","font-style":"","subsets":"","text-align":"","font-size":"","line-height":"","color":""},"google-font-selector-1":"","social_facebook_url":"","social_twitter_url":"","social_linkedin_url":"","social_instagram_url":"","social_google_url":"","social_printest_url":"","social_dribbble_url":"","footer_layout":"1","cms_footer_social":{"enabled":{"placebo":"placebo","facebook":"Facebook","twitter":"Twitter","instagram":"Instagram","printest":"Printest","dribbble":"Dribbble","google":"Google"},"disabled":{"placebo":"placebo"}},"footer_top_background":{"background-color":"","background-attachment":"","background-image":"","media":{"id":"","height":"","width":"","thumbnail":""}},"footer_bottom_logo":{"url":"http:\/\/dev.joomexp.com\/wordpress\/laboom\/wp-content\/themes\/laboom\/assets\/images\/logo-footer.png","id":"","height":"","width":"","thumbnail":"","title":"","caption":"","alt":"","description":""},"cms_footer_address":"<h3>La boom Restaurant <\/h3>\r\n<p>329 Queensberry Street, North Melbourne VIC 3051, Australia.<\/p>\r\n<p>123 456 7890<\/p><p>support@laboom.com<\/p>","footer_top_title_widget_color1":"","footer_top_title_widget_color2":"","footer_top_title_widget_color3":"","footer_top_text_widget_color":"","footer_top_social_color":{"regular":"#5c5c6e","hover":"#bdbdd3"},"footer_top_subtitle_widget_color2":"","footer_top_text_color":"","footer_top_link_color":{"regular":"","hover":""},"footer_bottom_background":{"background-color":"","background-image":"","media":{"id":"","height":"","width":"","thumbnail":""}},"footer_copyright":"","footer_bottom_logo_logo2":{"url":"http:\/\/dev.joomexp.com\/wordpress\/laboom\/wp-content\/themes\/laboom\/assets\/images\/logo-footer2.png","id":"","height":"","width":"","thumbnail":"","title":"","caption":"","alt":"","description":""},"footer_bottom_text_color":"","footer_border_social_color":"","map_api":"","map_address":"New York","map_coordinate":"40.712332, -74.000669","map_markercoordinate":"40.712332, -74.000669","map_markericon":{"url":"http:\/\/dev.joomexp.com\/wordpress\/laboom\/wp-content\/uploads\/2017\/06\/marker.png","id":"252","height":"102","width":"94","thumbnail":"http:\/\/dev.joomexp.com\/wordpress\/laboom\/wp-content\/uploads\/2017\/06\/marker.png","title":"","caption":"","alt":"","description":""},"dev_mode":"1"}