{"name":"Header Retail","id":"header_374016","structure":{"id":"root","type":"root","content":[{"id":"top-bar","type":"row","content":[{"id":"column5","type":"column","content":[{"id":"y4ro7npestv02kyrww49","type":"text","params":{"content":{"id":"content","value":"<strong>FREE SHIPPING FOR ALL ORDERS OF $150</strong>","type":"editor"},"inline":{"id":"inline","value":false,"type":"switcher"},"css_class":{"id":"css_class","value":"","type":"text"}}}]},{"id":"column6","type":"column","content":[]},{"id":"column7","type":"column","content":[{"id":"43k0qayz7gg36f2jmmhk","type":"social","params":{"type":{"id":"type","value":"share","type":"selector"},"size":{"id":"size","value":"","type":"selector"},"color":{"id":"color","value":"light","type":"selector"},"align":{"id":"align","value":"center","type":"selector"},"style":{"id":"style","value":"","type":"selector"},"form":{"id":"form","value":"circle","type":"selector"},"el_class":{"id":"el_class","value":"","type":"text"}}},{"id":"aik22afewdiur23h71ba","type":"divider","params":{"full_height":{"id":"full_height","value":true,"type":"switcher"},"css_class":{"id":"css_class","value":"","type":"text"}}},{"id":"by7fngopqyq58lavfby3","type":"menu","params":{"menu_id":{"id":"menu_id","value":"top-bar-right","type":"select"},"menu_style":{"id":"menu_style","value":"bordered","type":"selector"},"menu_align":{"id":"menu_align","value":"right","type":"selector"}}},{"id":"hvo7pk2f543doxhr21h5","type":"divider","params":{"full_height":{"id":"full_height","value":true,"type":"switcher"},"css_class":{"id":"css_class","value":"","type":"text"}}}]},{"id":"column_mobile1","type":"column","content":[]}],"params":{"flex_layout":{"id":"flex_layout","value":"flex-middle","type":"selector"},"height":{"id":"height","value":41,"type":"slider"},"mobile_height":{"id":"mobile_height","value":40,"type":"slider"},"hide_desktop":{"id":"hide_desktop","value":false,"type":"switcher"},"hide_mobile":{"id":"hide_mobile","value":true,"type":"switcher"},"sticky":{"id":"sticky","value":false,"type":"switcher"},"sticky_height":{"id":"sticky_height","value":41,"type":"slider"},"color_scheme":{"id":"color_scheme","value":"light","type":"selector"},"background":{"id":"background","value":{"background-color":{"r":9,"g":33,"b":67,"a":1}},"type":"bg"},"border":{"id":"border","value":{"width":"1","color":{"r":58,"g":77,"b":105,"a":1},"sides":["bottom"]},"type":"border"}}},{"id":"general-header","type":"row","content":[{"id":"column8","type":"column","content":[{"id":"gs8bcnxektjsro21n657","type":"logo","params":{"image":{"id":"image","value":{"id":302,"url":"http://dummy.xtemos.com/woodmart/demos/wp-content/uploads/sites/2/2018/03/wood-logo-white-reserve.svg","width":0,"height":0},"type":"image"},"width":{"id":"width","value":245,"type":"slider"},"sticky_image":{"id":"sticky_image","value":"","type":"image"},"sticky_width":{"id":"sticky_width","value":245,"type":"slider"}}}]},{"id":"column9","type":"column","content":[{"id":"r1zs6mpgi6bmsbvwzszd","type":"space","params":{"width":{"id":"width","value":10,"type":"slider"},"css_class":{"id":"css_class","value":"","type":"text"}}},{"id":"9x1ytaxq7aphtb3npidp","type":"search","params":{"display":{"id":"display","value":"form","type":"selector"},"search_style":{"id":"search_style","value":"with-bg","type":"selector"},"categories_dropdown":{"id":"categories_dropdown","value":true,"type":"switcher"},"ajax":{"id":"ajax","value":true,"type":"switcher"},"ajax_result_count":{"id":"ajax_result_count","value":20,"type":"slider"},"post_type":{"id":"post_type","value":"product","type":"selector"},"icon_type":{"id":"icon_type","value":"default","type":"selector"},"custom_icon":{"id":"custom_icon","value":"","type":"image"}}},{"id":"bl9ba3piar26qqnzgblk","type":"space","params":{"width":{"id":"width","value":10,"type":"slider"},"css_class":{"id":"css_class","value":"","type":"text"}}}]},{"id":"column10","type":"column","content":[{"id":"d6tcdhggjbqbrs217tl1","type":"space","params":{"width":{"id":"width","value":15,"type":"slider"},"css_class":{"id":"css_class","value":"","type":"text"}}},{"id":"vssfpylqqax9pvkfnxoz","type":"account","params":{"display":{"id":"display","value":"text","type":"selector"},"icon_type":{"id":"icon_type","value":"default","type":"selector"},"custom_icon":{"id":"custom_icon","value":"","type":"image"},"with_username":{"id":"with_username","value":false,"type":"switcher"},"login_dropdown":{"id":"login_dropdown","value":true,"type":"switcher"},"form_display":{"id":"form_display","value":"side","type":"selector"}}},{"id":"a22wdkiy3r40yw2paskq","type":"wishlist","params":{"design":{"id":"design","value":"icon","type":"selector"},"hide_product_count":{"id":"hide_product_count","value":false,"type":"switcher"},"icon_type":{"id":"icon_type","value":"default","type":"selector"},"custom_icon":{"id":"custom_icon","value":"","type":"image"}}},{"id":"rvamlt5fj396fxl4kevv","type":"compare","params":{"design":{"id":"design","value":"icon","type":"selector"},"hide_product_count":{"id":"hide_product_count","value":false,"type":"switcher"},"icon_type":{"id":"icon_type","value":"default","type":"selector"},"custom_icon":{"id":"custom_icon","value":"","type":"image"}}},{"id":"nedhm962r512y1xz9j06","type":"cart","params":{"position":{"id":"position","value":"side","type":"selector"},"style":{"id":"style","value":"2","type":"selector"},"icon_type":{"id":"icon_type","value":"bag","type":"selector"},"custom_icon":{"id":"custom_icon","value":"","type":"image"}}}]},{"id":"column_mobile2","type":"column","content":[{"id":"g1k0m1tib7raxrwkm1t3","type":"burger","params":{"style":{"id":"style","value":"text","type":"selector"},"icon_type":{"id":"icon_type","value":"default","type":"selector"},"custom_icon":{"id":"custom_icon","value":"","type":"image"},"position":{"id":"position","value":"left","type":"selector"},"search_form":{"id":"search_form","value":true,"type":"switcher"},"categories_menu":{"id":"categories_menu","value":false,"type":"switcher"},"menu_id":{"id":"menu_id","value":"mobile-categories","type":"select"}}}]},{"id":"column_mobile3","type":"column","content":[{"id":"lt7vdqgaccmapftzurvt","type":"logo","params":{"image":{"id":"image","value":{"id":302,"url":"http://dummy.xtemos.com/woodmart/demos/wp-content/uploads/sites/2/2018/03/wood-logo-white-reserve.svg","width":0,"height":0},"type":"image"},"width":{"id":"width","value":179,"type":"slider"},"sticky_image":{"id":"sticky_image","value":"","type":"image"},"sticky_width":{"id":"sticky_width","value":179,"type":"slider"}}}]},{"id":"column_mobile4","type":"column","content":[{"id":"trk5sfmvib0ch1s1qbtc","type":"cart","params":{"position":{"id":"position","value":"side","type":"selector"},"style":{"id":"style","value":"5","type":"selector"},"icon_type":{"id":"icon_type","value":"bag","type":"selector"},"custom_icon":{"id":"custom_icon","value":"","type":"image"}}}]}],"params":{"flex_layout":{"id":"flex_layout","value":"flex-middle","type":"selector"},"height":{"id":"height","value":105,"type":"slider"},"mobile_height":{"id":"mobile_height","value":60,"type":"slider"},"hide_desktop":{"id":"hide_desktop","value":false,"type":"switcher"},"hide_mobile":{"id":"hide_mobile","value":false,"type":"switcher"},"sticky":{"id":"sticky","value":true,"type":"switcher"},"sticky_height":{"id":"sticky_height","value":60,"type":"slider"},"color_scheme":{"id":"color_scheme","value":"light","type":"selector"},"background":{"id":"background","value":{"background-color":{"r":9,"g":33,"b":67,"a":1}},"type":"bg"},"border":{"id":"border","value":{"width":"0","applyFor":"fullwidth","style":"solid","sides":["bottom"]},"type":"border"}}},{"id":"header-bottom","type":"row","content":[{"id":"column11","type":"column","content":[{"id":"wjlcubfdmlq3d7jvmt23","type":"categories","params":{"menu_id":{"id":"menu_id","value":166,"type":"select"},"icon_type":{"id":"icon_type","value":"default","type":"selector"},"custom_icon":{"id":"custom_icon","value":"","type":"image"},"color_scheme":{"id":"color_scheme","value":"dark","type":"selector"},"background":{"id":"background","value":{"background-color":{"r":255,"g":255,"b":255,"a":1}},"type":"bg"},"border":{"id":"border","value":{"color":{"r":129,"g":129,"b":129,"a":0.2},"width":"1"},"type":"border"}}}]},{"id":"column12","type":"column","content":[{"id":"6kgdkbvf12frej4dofvj","type":"mainmenu","params":{"menu_style":{"id":"menu_style","value":"default","type":"selector"},"menu_align":{"id":"menu_align","value":"left","type":"selector"},"full_screen":{"id":"full_screen","value":false,"type":"switcher"},"icon_type":{"id":"icon_type","value":"default","type":"selector"},"custom_icon":{"id":"custom_icon","value":"","type":"image"}}}]},{"id":"column13","type":"column","content":[{"id":"1g7wl3ufrhgz2t297r20","type":"text","params":{"content":{"id":"content","value":"<ul class=\"inline-list inline-list-with-border main-nav-style\"><li><a class=\"color-primary\" href=\"https://woodmart.xtemos.com/shop/\">SPECIAL OFFER</a></li><li><a href=\"https://themeforest.net/item/woodmart-woocommerce-wordpress-theme/20264492?ref=xtemos\" target=\"_blank\" rel=\"noopener\">PURCHASE THEME</a></li></ul>","type":"editor"},"inline":{"id":"inline","value":false,"type":"switcher"},"css_class":{"id":"css_class","value":"","type":"text"}}}]},{"id":"column_mobile5","type":"column","content":[]}],"params":{"flex_layout":{"id":"flex_layout","value":"flex-middle","type":"selector"},"height":{"id":"height","value":50,"type":"slider"},"mobile_height":{"id":"mobile_height","value":50,"type":"slider"},"hide_desktop":{"id":"hide_desktop","value":false,"type":"switcher"},"hide_mobile":{"id":"hide_mobile","value":true,"type":"switcher"},"sticky":{"id":"sticky","value":false,"type":"switcher"},"sticky_height":{"id":"sticky_height","value":50,"type":"slider"},"color_scheme":{"id":"color_scheme","value":"dark","type":"selector"},"background":{"id":"background","value":[],"type":"bg"},"border":{"id":"border","value":{"style":"solid","applyFor":"fullwidth","width":"1","color":{"r":129,"g":129,"b":129,"a":0.2},"sides":["bottom"]},"type":"border"}}}]},"settings":{"overlap":{"id":"overlap","value":false,"type":"switcher"},"boxed":{"id":"boxed","value":false,"type":"switcher"},"full_width":{"id":"full_width","value":false,"type":"switcher"},"dropdowns_dark":{"id":"dropdowns_dark","value":false,"type":"switcher"},"sticky_shadow":{"id":"sticky_shadow","value":true,"type":"switcher"},"hide_on_scroll":{"id":"hide_on_scroll","value":false,"type":"switcher"},"sticky_effect":{"id":"sticky_effect","value":"slide","type":"selector"},"sticky_clone":{"id":"sticky_clone","value":true,"type":"switcher"},"sticky_height":{"id":"sticky_height","value":60,"type":"slider"}}}