{"name":"Header Flowers","id":"header_518892","structure":{"id":"root","type":"root","content":[{"id":"top-bar","type":"row","content":[{"id":"column5","type":"column","content":[]},{"id":"column6","type":"column","content":[]},{"id":"column7","type":"column","content":[]},{"id":"column_mobile1","type":"column","content":[]}],"params":{"flex_layout":{"id":"flex_layout","value":"flex-middle","type":"selector"},"height":{"id":"height","value":40,"type":"slider"},"mobile_height":{"id":"mobile_height","value":40,"type":"slider"},"hide_desktop":{"id":"hide_desktop","value":true,"type":"switcher"},"hide_mobile":{"id":"hide_mobile","value":true,"type":"switcher"},"sticky":{"id":"sticky","value":false,"type":"switcher"},"sticky_height":{"id":"sticky_height","value":40,"type":"slider"},"color_scheme":{"id":"color_scheme","value":"dark","type":"selector"},"background":{"id":"background","value":"","type":"bg"},"border":{"id":"border","value":"","type":"border"}}},{"id":"general-header","type":"row","content":[{"id":"column8","type":"column","content":[{"id":"qti1igqvj1kghkll7nnw","type":"logo","params":{"image":{"id":"image","value":false,"type":"image"},"width":{"id":"width","value":200,"type":"slider"},"sticky_image":{"id":"sticky_image","value":false,"type":"image"},"sticky_width":{"id":"sticky_width","value":200,"type":"slider"}}}]},{"id":"column9","type":"column","content":[{"id":"hz3czwj9vozgdegju8tv","type":"mainmenu","params":{"menu_style":{"id":"menu_style","value":"default","type":"selector"},"menu_align":{"id":"menu_align","value":"center","type":"selector"},"full_screen":{"id":"full_screen","value":false,"type":"switcher"},"icon_type":{"id":"icon_type","value":"default","type":"selector"},"custom_icon":{"id":"custom_icon","value":"","type":"image"}}}]},{"id":"column10","type":"column","content":[{"id":"y44vgu0l4o7ai2qgq2hp","type":"account","params":{"display":{"id":"display","value":"text","type":"selector"},"icon_type":{"id":"icon_type","value":"default","type":"selector"},"custom_icon":{"id":"custom_icon","value":"","type":"image"},"with_username":{"id":"with_username","value":false,"type":"switcher"},"login_dropdown":{"id":"login_dropdown","value":true,"type":"switcher"},"form_display":{"id":"form_display","value":"side","type":"selector"}}},{"id":"mg9ccogkvy3eqo81afz2","type":"search","params":{"display":{"id":"display","value":"full-screen","type":"selector"},"search_style":{"id":"search_style","value":"default","type":"selector"},"categories_dropdown":{"id":"categories_dropdown","value":false,"type":"switcher"},"ajax":{"id":"ajax","value":false,"type":"switcher"},"ajax_result_count":{"id":"ajax_result_count","value":20,"type":"slider"},"post_type":{"id":"post_type","value":"product","type":"selector"},"icon_type":{"id":"icon_type","value":"default","type":"selector"},"custom_icon":{"id":"custom_icon","value":"","type":"image"}}},{"id":"bn4605p0rzbsu7kup2fa","type":"wishlist","params":{"design":{"id":"design","value":"icon","type":"selector"},"hide_product_count":{"id":"hide_product_count","value":false,"type":"switcher"},"icon_type":{"id":"icon_type","value":"default","type":"selector"},"custom_icon":{"id":"custom_icon","value":"","type":"image"}}},{"id":"909xiifk7ve155p9rk10","type":"cart","params":{"position":{"id":"position","value":"side","type":"selector"},"style":{"id":"style","value":"2","type":"selector"},"icon_type":{"id":"icon_type","value":"bag","type":"selector"},"custom_icon":{"id":"custom_icon","value":"","type":"image"}}}]},{"id":"column_mobile2","type":"column","content":[{"id":"aon6pij7oan3rmwur4yl","type":"burger","params":{"style":{"id":"style","value":"text","type":"selector"},"icon_type":{"id":"icon_type","value":"default","type":"selector"},"custom_icon":{"id":"custom_icon","value":"","type":"image"},"position":{"id":"position","value":"left","type":"selector"},"search_form":{"id":"search_form","value":true,"type":"switcher"},"categories_menu":{"id":"categories_menu","value":false,"type":"switcher"},"menu_id":{"id":"menu_id","value":"country","type":"select"}}}]},{"id":"column_mobile3","type":"column","content":[{"id":"u3r4psb6w1c2nlkk82rj","type":"logo","params":{"image":{"id":"image","value":"","type":"image"},"width":{"id":"width","value":150,"type":"slider"},"sticky_image":{"id":"sticky_image","value":"","type":"image"},"sticky_width":{"id":"sticky_width","value":150,"type":"slider"}}}]},{"id":"column_mobile4","type":"column","content":[{"id":"n54o37l7tfuvsmhfskq0","type":"cart","params":{"position":{"id":"position","value":"side","type":"selector"},"style":{"id":"style","value":"5","type":"selector"},"icon_type":{"id":"icon_type","value":"bag","type":"selector"},"custom_icon":{"id":"custom_icon","value":"","type":"image"}}}]}],"params":{"flex_layout":{"id":"flex_layout","value":"flex-middle","type":"selector"},"height":{"id":"height","value":105,"type":"slider"},"mobile_height":{"id":"mobile_height","value":75,"type":"slider"},"hide_desktop":{"id":"hide_desktop","value":false,"type":"switcher"},"hide_mobile":{"id":"hide_mobile","value":false,"type":"switcher"},"sticky":{"id":"sticky","value":false,"type":"switcher"},"sticky_height":{"id":"sticky_height","value":60,"type":"slider"},"color_scheme":{"id":"color_scheme","value":"dark","type":"selector"},"background":{"id":"background","value":{"background-color":{"r":255,"g":255,"b":255,"a":1}},"type":"bg"},"border":{"id":"border","value":"","type":"border"}}},{"id":"header-bottom","type":"row","content":[{"id":"column11","type":"column","content":[]},{"id":"column12","type":"column","content":[]},{"id":"column13","type":"column","content":[]},{"id":"column_mobile5","type":"column","content":[]}],"params":{"flex_layout":{"id":"flex_layout","value":"flex-middle","type":"selector"},"height":{"id":"height","value":50,"type":"slider"},"mobile_height":{"id":"mobile_height","value":50,"type":"slider"},"hide_desktop":{"id":"hide_desktop","value":true,"type":"switcher"},"hide_mobile":{"id":"hide_mobile","value":true,"type":"switcher"},"sticky":{"id":"sticky","value":false,"type":"switcher"},"sticky_height":{"id":"sticky_height","value":50,"type":"slider"},"color_scheme":{"id":"color_scheme","value":"dark","type":"selector"},"background":{"id":"background","value":"","type":"bg"},"border":{"id":"border","value":"","type":"border"}}}]},"settings":{"overlap":{"id":"overlap","value":false,"type":"switcher"},"boxed":{"id":"boxed","value":false,"type":"switcher"},"full_width":{"id":"full_width","value":false,"type":"switcher"},"dropdowns_dark":{"id":"dropdowns_dark","value":false,"type":"switcher"},"sticky_shadow":{"id":"sticky_shadow","value":true,"type":"switcher"},"hide_on_scroll":{"id":"hide_on_scroll","value":true,"type":"switcher"},"sticky_effect":{"id":"sticky_effect","value":"slide","type":"selector"},"sticky_clone":{"id":"sticky_clone","value":true,"type":"switcher"},"sticky_height":{"id":"sticky_height","value":60,"type":"slider"}}}